Name,Target_Site,Protein_Sequence,Gene_Sequence
Prediction_loxA-1,ACAACATCGTATAACACCCTATATACGATGTTGT,MSNLLTLHQNLPALPVDATSDEVRKNLMDMFRDRQAFSEHTWKMLLSVCRSWAAWCKLNNRKWFPAEPEDVRDYLLYLQARGLAVKTIQQHLGQLNMLHRRSGLPRPSDSNAVSLVMRRIRKENVDAGERAKQALAFERTDFDQVRSLMENSDRCQDIRNLAFLGIAYNTLLRIAEIARIRVKDISRTDGGRMLIHIGRTKTLVSTAGVEKALSLGVTKLVERWISVSGVADDPNNYLFCRVRKNGVAAPSATSQLSTRALQGIFEATHRLIYGAKDDSGQRYLAWSGHSARVGAARDMARAGVSIPEIMQAGGWTTVNSVMNYIRNLDSETGAMVRLLEDGD*,ATGTCAAACTTGCTGACCCTGCACCAAAATCTGCCAGCGCTCCCAGTCGACGCGACGTCTGATGAGGTGCGTAAGAACCTGATGGATATGTTTCGCGACCGTCAAGCTTTTAGCGAGCACACCTGGAAGATGCTGTTAAGCGTATGCCGTTCGTGGGCCGCCTGGTGTAAGCTTAATAATCGTAAATGGTTCCCTGCTGAACCGGAAGACGTACGCGATTATTTGCTGTACCTGCAAGCGCGCGGTCTGGCTGTTAAAACGATTCAACAGCATTTGGGCCAGCTGAATATGTTGCACCGCCGTAGCGGCTTACCCCGCCCGAGCGACTCGAACGCCGTGTCGCTGGTTATGCGTCGCATTCGTAAGGAAAATGTGGACGCGGGAGAGCGCGCTAAGCAAGCTCTGGCGTTTGAGCGCACCGACTTTGACCAGGTTCGTAGCCTGATGGAAAATTCAGACCGTTGCCAAGACATCCGTAATTTAGCGTTCTTGGGCATCGCGTATAACACGTTGCTGCGTATCGCGGAGATCGCCCGTATTCGCGTCAAGGATATTTCACGCACCGACGGCGGACGCATGCTGATCCATATTGGCCGCACCAAAACACTGGTCTCGACCGCGGGAGTAGAAAAGGCTCTGAGTTTGGGTGTAACCAAGCTTGTGGAACGTTGGATTTCAGTGTCAGGTGTGGCCGACGACCCGAATAATTATTTGTTTTGTCGTGTGCGCAAGAATGGCGTCGCTGCCCCCAGTGCCACGTCACAATTAAGTACTCGCGCCCTGCAGGGCATTTTCGAAGCAACCCACCGCTTGATTTACGGCGCTAAAGATGACTCGGGACAACGTTACTTGGCGTGGTCAGGCCACAGCGCTCGTGTCGGTGCAGCCCGCGATATGGCCCGCGCCGGGGTTTCTATTCCGGAGATTATGCAGGCCGGTGGATGGACTACAGTGAATAGCGTTATGAATTACATCCGTAATCTTGATAGCGAGACCGGAGCCATGGTACGTCTGCTCGAAGACGGTGACTAA
Prediction_loxD-1,AAGACTAGGTATAAGCCTCAATATACCTAGTCTT,MSNLLTLHQNLSALLVDATSDEARKNLMDMFRDRQAFSEHTWKMLLSVCRSWAAWCKLNNRKWFPAEPEDVRDYLLYLQARGLAVKTIQQHLGQLNMLHRRSGLPRPSDSNAVSLVMRRIRKENVDAGERAKQALAFERTDFDQVRSLMENSDRCQDIRNLAFLGIAYNTLLRISEIARIRVKDISRTDGGRMLIHIGRTKTLVSTAGVEKALSLGVTKLVERWISVSGVADDPNNYLFCRVRKYGVAAPSATSQLSTYALQRIFEATHRLIYGAKDDSGQRYLAWSGHSARVGAARDMARAGVSIPEIMQAGGWTTVNSVMNYIRNLDSETGAMVRLLEDGD*,ATGAGCAACTTATTAACTTTACACCAAAATCTGTCGGCCTTGTTAGTCGATGCCACCAGCGATGAGGCGCGCAAGAACCTCATGGACATGTTCCGTGATCGTCAGGCTTTCTCAGAGCACACGTGGAAGATGTTACTTTCTGTATGCCGTTCTTGGGCCGCCTGGTGTAAATTGAATAATCGTAAGTGGTTCCCCGCGGAGCCTGAGGACGTACGTGACTATCTTTTATATTTGCAAGCGCGTGGCCTTGCCGTTAAGACCATTCAGCAGCATCTGGGTCAACTGAATATGTTACATCGCCGCTCCGGGCTGCCGCGCCCGTCAGACAGCAACGCCGTATCTCTTGTAATGCGCCGCATCCGTAAAGAAAACGTGGACGCAGGTGAACGCGCGAAGCAAGCATTGGCGTTCGAACGCACAGATTTTGACCAAGTCCGCTCCCTCATGGAGAATTCCGACCGCTGTCAAGACATTCGCAATCTGGCTTTTCTCGGTATTGCTTATAATACGTTGTTGCGTATCAGCGAGATTGCGCGCATTCGTGTAAAGGACATTAGCCGCACAGACGGCGGCCGTATGTTGATCCATATCGGCCGTACCAAAACGCTCGTTTCAACAGCCGGCGTAGAGAAGGCATTGTCCCTGGGAGTCACTAAGCTGGTGGAGCGTTGGATTAGCGTAAGTGGGGTGGCGGATGATCCGAACAATTATTTGTTTTGCCGTGTTCGTAAGTATGGCGTCGCCGCCCCTTCGGCGACCTCACAATTGAGTACCTATGCACTCCAGCGCATTTTCGAGGCGACTCACCGCCTTATCTACGGCGCGAAAGACGACTCTGGACAGCGCTACTTAGCGTGGTCGGGACATAGCGCACGCGTGGGTGCAGCACGTGATATGGCCCGCGCAGGGGTTAGCATTCCGGAAATTATGCAAGCGGGCGGCTGGACGACGGTAAATAGTGTAATGAACTACATCCGTAATCTTGACTCGGAGACCGGCGCCATGGTACGCTTGCTTGAGGACGGCGATTAA
Prediction_loxE-3,AAGGCATTTGATATTGATTTTTATCAAATGCCTT,MSNLQTLHQNLSALLADATSDEARKNLMDVFRDRQAFSEHTWRVLLSVCRSWAAWCKLNNRKWFPAEPEDVRDYLLHLQARGLTVNTIQQHLCQLNMLHRRSGLPRPGDSNAVSLVMRRIRKENVDAGERVKQALAFERTDFDQVRSLMENSDRCRDIRNLAFLGVAYNTLLRISEIARIRVRDISRTDGGRMLIHIGRTKTLVSTAGVEKALSLGVTKLVERWISVSGVADDPNNYLFCRVRRNGVAAPSATSQLSTPALQGIFAAAHRLIYGAKDASGQRYLTWSGHSARVGAARDMARAGVSIAEIMQAGGWTTVESVMNYLRNLDSETGAMVRLLEDGD*,ATGAGTAATCTTCAAACTCTCCACCAAAATCTGAGTGCCCTGCTTGCCGACGCAACTAGCGATGAAGCCCGTAAGAACTTGATGGATGTGTTTCGCGACCGCCAAGCCTTTAGCGAGCACACTTGGCGTGTACTCTTATCTGTATGCCGTAGCTGGGCGGCGTGGTGCAAACTTAATAATCGTAAATGGTTCCCAGCTGAGCCGGAAGACGTACGCGATTACCTCTTACATTTGCAAGCCCGCGGGCTGACAGTAAACACCATTCAGCAGCACCTTTGTCAATTAAATATGCTTCATCGCCGTTCCGGGCTCCCTCGTCCCGGGGACAGTAATGCTGTGTCACTTGTGATGCGCCGTATTCGCAAGGAAAATGTTGATGCCGGGGAGCGCGTTAAGCAAGCGTTGGCATTCGAGCGCACCGACTTCGATCAAGTCCGTTCTTTGATGGAGAATTCCGACCGCTGTCGCGACATTCGTAATCTCGCTTTTCTTGGTGTGGCCTATAACACGCTGCTCCGTATTAGCGAGATCGCGCGCATCCGCGTTCGCGATATTAGCCGTACCGACGGCGGACGTATGCTGATCCACATTGGCCGTACTAAGACGTTGGTCAGCACGGCCGGCGTGGAAAAGGCACTGTCGTTAGGGGTTACCAAGCTTGTTGAGCGTTGGATCAGCGTTTCAGGCGTTGCGGACGACCCGAATAATTATTTATTTTGTCGTGTGCGTCGCAACGGTGTTGCGGCACCAAGCGCCACTAGTCAACTGTCGACTCCAGCACTGCAAGGTATCTTCGCGGCGGCGCACCGTCTCATTTATGGTGCGAAGGATGCATCCGGACAGCGCTACCTTACGTGGAGCGGTCATTCTGCGCGTGTGGGAGCCGCCCGTGACATGGCTCGTGCGGGTGTTAGCATCGCAGAGATTATGCAAGCGGGCGGATGGACTACGGTGGAATCGGTTATGAACTATCTTCGTAATCTCGACTCGGAAACGGGAGCGATGGTACGCCTGTTGGAAGACGGTGACTAA
Prediction_loxI-1,CCATCTTTTGTTAGATTTGAATAACAAAAGATGG,MSNLQTLHQNLSALLADATSDEARKNLMDVFRDRQAFSEHTWRVLLSVCRSWAAWCKLNNRKWFPAEPEDVRDYLLHLQARGLTVNTIQQHLAQLNMLHRRSGLPRPGDSNAVSLVMRRIRKENVDAGERVKQALAFERTDFDQVRSLMENSDRCQDIRNLAFLGVAYNTLLRISEIARIRVKDISRTDGGRMLIHIGRTKTLVSTAGVEKALSLGVTRLVERWISVSGVADDPNNYLFCRVRRNGVAVPSATSQLSTPALRGIFAAAHRLIYGAKDASGQRYLTWSGHSARVGAARDMARAGVPIAEIMQAGGWTTVESVMNYIRNLDSETGAMVRLLEDGD*,ATGAGCAACCTGCAGACCCTGCATCAGAACCTGAGCGCGCTGCTGGCGGATGCGACCAGCGATGAAGCGCGCAAAAACCTGATGGATGTGTTTCGCGATCGCCAGGCGTTTAGCGAACATACCTGGCGCGTGCTGCTGAGCGTTTGTCGTTCTTGGGCAGCGTGGTGCAAACTGAACAACCGCAAATGGTTTCCGGCGGAACCGGAAGATGTGCGCGATTATCTGCTGCATCTGCAGGCGCGCGGCCTGACCGTGAACACCATTCAGCAGCATCTGGCGCAGCTGAACATGCTGCATCGCCGCAGCGGTTTACCACGTCCAGGTGATAGCAATGCAGTGTCTCTGGTGATGCGCCGCATTCGCAAAGAAAACGTGGATGCGGGCGAACGCGTGAAACAGGCGCTGGCGTTTGAACGCACCGATTTTGATCAGGTGCGCAGCCTGATGGAAAACAGCGATCGCTGCCAGGATATTCGCAACCTGGCGTTTCTGGGCGTGGCGTATAACACCCTGCTGCGCATTAGCGAAATTGCGCGCATTCGCGTGAAAGATATTAGCCGCACCGATGGCGGCCGCATGCTGATTCATATTGGCCGCACCAAAACCCTGGTGAGCACCGCGGGCGTGGAAAAAGCGCTGAGCCTGGGCGTGACTCGCTTAGTGGAACGCTGGATTAGCGTGAGCGGCGTTGCAGATGATCCAAATAACTATCTGTTTTGCCGCGTGCGCCGCAACGGCGTTGCGGTTCCATCTGCGACCTCTCAGCTGAGCACCCCGGCGTTACGTGGCATTTTTGCGGCGGCGCATCGCCTGATTTATGGCGCGAAAGATGCGAGCGGCCAACGTTATTTAACTTGGTCTGGTCATAGCGCACGCGTGGGTGCGGCACGTGATATGGCGCGTGCAGGTGTTCCGATTGCGGAAATTATGCAGGCGGGCGGTTGGACCACCGTGGAAAGCGTGATGAACTATATTCGCAACCTGGATAGCGAAACCGGCGCGATGGTGCGCCTGTTAGAAGATGGCGATTAA
Prediction_novelC-1,AACCCACGCCATAAGCCTCAATATGGCGTGGGTT,MSNLLTLHQNLSALLVDATSDEARKNLMDMFRDRQAFSEHTWKVLLSVCRSWAAWCKLNNRKWFPAEPEDVRDYLLHLQARGLAVKTIQQHLCQLNMLHRRSGLPRLSDSNAVSLVMRRIRKENVDAGERAKQALAFERTDFDQVRSLMENSDRCQDIRNLAFLGVAYNTLLRISEIARIRVKDISRTDGGRMLIHISRTKTLVSTAGVEKALSLGVTKLVERWISVSGVADDPNNYLFCRVRKNGVAAPSATSQLSTHALQGIFEATHRLIYGAKDDSGQRYLAWSGHSARVGAARDMARAGVSIPEIMQAGGWTTVNSVMNYIRNLDSETGAMVRLLEDGD*,ATGAGCAACCTGCTGACCCTGCATCAGAACCTGAGCGCGCTGCTGGTGGATGCGACCAGCGATGAAGCGCGCAAAAACCTGATGGATATGTTTCGCGATCGCCAGGCGTTTAGCGAACATACCTGGAAAGTGCTGCTGAGCGTGTGCCGCAGCTGGGCGGCGTGGTGCAAACTGAACAACCGCAAATGGTTTCCGGCGGAACCGGAAGATGTGCGCGATTATCTGCTGCATCTGCAGGCGCGTGGCTTAGCGGTGAAAACCATTCAGCAGCATCTGTGCCAGCTGAACATGCTGCATCGCCGCAGCGGCCTGCCGCGCCTGTCTGATAGCAATGCAGTGTCTCTGGTGATGCGCCGCATTCGCAAAGAAAACGTGGATGCGGGCGAACGCGCGAAACAGGCGTTAGCGTTTGAACGCACCGATTTTGATCAGGTGCGCAGCCTGATGGAAAACAGCGATCGCTGCCAGGATATTCGCAACCTGGCGTTTCTGGGCGTGGCGTATAACACCCTGCTGCGCATTAGCGAAATTGCGCGCATTCGCGTGAAAGATATTAGCCGCACCGATGGCGGCCGCATGCTGATTCATATTAGCCGCACCAAAACCCTGGTGAGCACCGCGGGCGTGGAAAAAGCGCTGAGCCTGGGCGTGACCAAACTGGTGGAACGCTGGATTAGCGTGAGCGGCGTGGCAGATGATCCAAATAACTATCTGTTTTGCCGCGTGCGCAAAAACGGCGTGGCGGCACCATCTGCGACCTCTCAGCTGAGCACCCATGCGCTGCAGGGCATTTTTGAAGCGACCCATCGCCTGATTTATGGCGCGAAAGATGATAGCGGCCAGCGCTATCTGGCGTGGTCTGGTCATTCTGCACGTGTTGGTGCGGCACGCGATATGGCGCGCGCAGGTGTGAGCATTCCGGAAATTATGCAGGCGGGCGGTTGGACTACCGTGAACAGCGTGATGAACTATATTCGCAACCTGGATAGCGAAACCGGCGCGATGGTGCGCCTGCTGGAAGATGGCGATTAA
Prediction_novelC-2,AACCCAACGTTTAAGCCTCAATAAACGTTGGGTT,MSNLLTLHQNLSALLVDATSDEARKNLMDMFRDRQAFSEHTWKVLLSVCRSWAAWCKLNNRKWFPAEPEDVRDYLLHLQARGLAVKTIQQHLAQLNMLHRRSGLPRPSDSNAVSLVMRRIRKENVDAGERAKQALAFERTDFDQVRSLMENSDRCQDIRNLAFLGVAYNTLLRISEIARIRVKDISRTDGGRMLIHISRTKTLVSTAGVEKALSLGVTKLVERWISVSGVADDPNNYLFCRVRKNGVAAPSATSQLSTYALQRIFEATHRLIYGAKDDSGQRYLAWSGHSARVGAARDMARAGVSIPEIMQAGGWTTVNSVMNYIRNLDSETGAMVRLLEDGD*,ATGAGCAACCTGCTGACCCTGCATCAGAACCTGAGCGCGCTGCTGGTGGATGCGACCAGCGATGAAGCGCGCAAAAACCTGATGGATATGTTTCGCGATCGCCAGGCGTTTAGCGAACATACCTGGAAAGTGCTGCTGAGCGTGTGCCGCAGCTGGGCGGCGTGGTGCAAACTGAACAACCGCAAATGGTTTCCGGCGGAACCGGAAGATGTGCGCGATTATCTGCTGCATCTGCAGGCGCGTGGCTTAGCGGTGAAAACCATTCAGCAGCATCTGGCGCAGCTGAACATGCTGCATCGCCGCAGCGGCCTGCCGCGTCCATCTGATAGCAATGCAGTGTCTCTGGTGATGCGCCGCATTCGCAAAGAAAACGTGGATGCGGGCGAACGCGCGAAACAGGCGTTAGCGTTTGAACGCACCGATTTTGATCAGGTGCGCAGCCTGATGGAAAACAGCGATCGCTGCCAGGATATTCGCAACCTGGCGTTTCTGGGCGTGGCGTATAACACCCTGCTGCGCATTAGCGAAATTGCGCGCATTCGCGTGAAAGATATTAGCCGCACCGATGGCGGCCGCATGCTGATTCATATTAGCCGCACCAAAACCCTGGTGAGCACCGCGGGCGTGGAAAAAGCGCTGAGCCTGGGCGTGACCAAACTGGTGGAACGCTGGATTAGCGTGAGCGGCGTGGCAGATGATCCAAATAACTATCTGTTTTGCCGCGTGCGCAAAAACGGCGTGGCGGCACCATCTGCGACCTCTCAGCTGAGCACCTATGCGCTGCAGCGCATTTTTGAAGCGACCCATCGCCTGATTTATGGCGCGAAAGATGATAGCGGCCAGCGCTATCTGGCGTGGAGCGGTCATTCTGCACGTGTTGGTGCGGCACGCGATATGGCGCGCGCAGGTGTGAGCATTCCGGAAATTATGCAGGCGGGTGGTTGGACTACCGTGAACAGCGTGATGAACTATATTCGCAACCTGGATAGCGAAACCGGCGCGATGGTGCGCCTGCTGGAAGATGGCGATTAA
Prediction_novelD-1,AAGGCACGCCATAAGCCTCAATATGGCGTGCCTT,MSNLLTLHQNLSALLVDATSDEARKNLMDMFRDRQAFSEHTWKMLLSVCRSWAAWCKLNNRKWFPAEPEDVRDYLLYLQARGLAVKTIQQHLGQLNMLHRRSGLPRLSDSNAVSLVMRRIRKENVDAGERAKQALAFERTDFDQVRSLMENSDRCQDIRNLAFLGVAYNTLLRISEIARIRVKDISRTDGGRMLIHISRTKTLVSTAGVEKALSLGVTKLVERWISVSGVADDPNNYLFCRVRKNGVAAPSATSQLSTYALQRIFEATHRLIYGAKDDSGQRYLAWSGHSARVGAARDMARAGVSIPEIMQAGGWTTVNSVMNYIRNLDSETGAMVRLLEDGD*,ATGAGCAACCTGCTGACCCTGCATCAGAACCTGAGCGCGCTGCTGGTGGATGCGACCAGCGATGAAGCGCGCAAAAACCTGATGGATATGTTTCGCGATCGCCAGGCGTTTAGCGAACATACCTGGAAAATGCTGCTGAGCGTGTGCCGCAGCTGGGCGGCGTGGTGCAAACTGAACAACCGCAAATGGTTTCCGGCGGAACCGGAAGATGTGCGCGATTATCTGCTGTATCTGCAGGCGCGCGGCCTGGCGGTGAAAACCATTCAGCAGCATTTAGGCCAGCTGAACATGCTGCATCGCCGCAGCGGCCTGCCGCGCTTAAGCGATAGCAATGCAGTGTCTCTGGTGATGCGCCGCATTCGCAAAGAAAACGTGGATGCAGGCGAACGCGCGAAACAGGCGCTGGCGTTTGAACGCACCGATTTTGATCAGGTGCGCAGCCTGATGGAAAACAGCGATCGCTGCCAGGATATTCGCAACCTGGCGTTTCTGGGCGTGGCGTATAACACCCTGCTGCGCATTAGCGAAATTGCGCGCATTCGCGTGAAAGATATTAGCCGCACCGATGGCGGCCGCATGCTGATTCATATTAGCCGCACCAAAACCCTGGTGAGCACCGCGGGCGTGGAAAAAGCGCTGAGCCTGGGCGTGACCAAACTGGTGGAACGCTGGATTAGCGTGAGCGGCGTGGCAGATGATCCAAATAACTATCTGTTTTGCCGCGTGCGCAAAAACGGCGTGGCGGCACCATCTGCGACCTCTCAGCTGAGCACCTATGCGCTGCAGCGCATTTTTGAAGCGACCCATCGCCTGATTTATGGCGCGAAAGATGATAGCGGCCAGCGCTATCTGGCGTGGAGCGGTCATTCTGCACGTGTTGGTGCGGCACGCGATATGGCGCGCGCAGGTGTGAGCATTCCGGAAATTATGCAGGCGGGTGGTTGGACTACCGTGAACAGCGTGATGAACTATATTCGCAACCTGGATAGCGAAACCGGCGCGATGGTGCGCCTGCTGGAAGATGGCGATTAA
Prediction_novelD-2,AAGGCATCCTATAAGCCTCAATATAGGATGCCTT,MSNLLTLHQNLPALPVDATSDEVRKNLMDMFRDRQAFSEHTWKMLLSVCRSWAAWCKLNNRKWFPAEPEDVRDYLLYLQARGLAVKTIQQHLGQLNMLHRRSGLPRPGDSNAVSLVMRRIRKENVDAGERAKQALAFERTDFDQVRSLMENSDRCQDIRNLAFLGIAYNTLLRISEIARIRVKDISRTDGGRMLIHIGRTKTLVSTAGVEKALSLGVTKLVERWISVSGVADDPNNYLFCRVRKNGVAAPSATSQLSTRALQGIFEATHRLIYGAKDDSGQRYLAWSGHSARVGAARDMARAGVSIPEIMQAGGWTTVNSVMNYIRNLDSETGAMVRLLEDGD*,ATGAGCAACCTGCTGACCCTGCATCAGAACCTGCCGGCGCTGCCGGTGGATGCGACCAGCGATGAAGTGCGCAAAAACCTGATGGATATGTTTCGCGATCGCCAGGCGTTTAGCGAACATACCTGGAAAATGCTGCTGAGCGTGTGCCGCAGCTGGGCGGCGTGGTGCAAACTGAACAACCGCAAATGGTTTCCGGCGGAACCGGAAGATGTGCGCGATTATCTGCTGTATCTGCAGGCGCGCGGCCTGGCGGTGAAAACCATTCAGCAGCATTTAGGCCAGCTGAACATGCTGCATCGCCGCAGCGGCCTGCCACGTCCAGGTGATAGCAATGCAGTGTCTCTGGTGATGCGCCGCATTCGCAAAGAAAACGTGGATGCAGGCGAACGCGCGAAACAGGCGCTGGCGTTTGAACGCACCGATTTTGATCAGGTGCGCAGCCTGATGGAAAACAGCGATCGCTGCCAGGATATTCGCAACCTGGCGTTTCTGGGCATTGCGTATAACACCCTGCTGCGCATTAGCGAAATTGCGCGCATTCGCGTGAAAGATATTAGCCGCACCGATGGCGGCCGCATGCTGATTCATATTGGCCGCACCAAAACCCTGGTGAGCACCGCGGGCGTGGAAAAAGCGCTGAGCCTGGGCGTGACCAAACTGGTGGAACGCTGGATTAGCGTGAGCGGCGTTGCAGATGATCCAAATAACTATCTGTTTTGCCGCGTGCGCAAAAACGGCGTGGCGGCGCCATCTGCGACCTCTCAGCTGAGCACCCGCGCGTTACAGGGCATTTTTGAAGCGACCCATCGCCTGATTTATGGCGCGAAAGATGATAGCGGCCAGCGCTATCTGGCATGGTCTGGTCATTCTGCACGTGTTGGTGCGGCACGCGATATGGCGCGCGCGGGTGTGAGCATTCCGGAAATTATGCAGGCGGGCGGTTGGACTACCGTGAACAGCGTGATGAACTATATTCGCAACCTGGATAGCGAAACCGGCGCGATGGTGCGCCTGTTAGAAGATGGCGATTAA
Prediction_novelF-1,ATAAATTTTTGCAAACGCTGCTGCAAAAATTTAT,MSNLQTLHQNLSALLVDATSDEARKNLMDVFRDRQAFSEHTWKVLLSVCRSWAAWCKLNNRKWFPAEPEDVRDYLLHLQVRGLAVNTIQQHLAQLNMLHRRSGLPRPGDSNAVSLVMRRIRKENVDAGERVKQALAFERTDFDQVRSLMENSDRCQDIRNLAFLGVAYNTLLRISEIARIRVKDISRTDGGRMLIHIGRTKTLVSTAGVEKALSLGVTRLVERWISVSGVADDPNNYLFCRVRKNGVAVPSATSQLSTDVLRGIFAAAHRLIYGAKDDSGQRYLTWSGHSARVGAARDMARAGVSIAEIMQAGGWTTVESVMNYLRNLDSETGAMVRLLEDGD*,ATGAGCAACCTGCAGACCCTGCATCAGAACCTGAGCGCGCTGCTGGTGGATGCGACCAGCGATGAAGCGCGCAAAAACCTGATGGATGTGTTTCGCGATCGCCAGGCGTTTAGCGAACATACCTGGAAAGTGCTGCTGAGCGTGTGCCGCAGCTGGGCAGCGTGGTGCAAACTGAACAACCGCAAATGGTTTCCGGCGGAACCGGAAGATGTGCGCGATTATCTGCTGCATCTGCAGGTGCGCGGCCTGGCGGTGAACACCATTCAGCAACATCTGGCACAGCTGAACATGCTGCATCGCCGCAGCGGCTTACCGCGTCCAGGTGATAGCAATGCAGTGTCTCTGGTGATGCGCCGCATTCGCAAAGAAAACGTGGATGCGGGCGAACGCGTGAAACAGGCGCTGGCGTTTGAACGCACCGATTTTGATCAGGTGCGCAGCCTGATGGAAAACAGCGATCGCTGCCAGGATATTCGCAACCTGGCGTTTCTGGGCGTGGCGTATAACACCCTGCTGCGCATTAGCGAAATTGCGCGCATTCGCGTGAAAGATATTAGCCGCACCGATGGCGGCCGCATGCTGATTCATATTGGCCGCACCAAAACCCTGGTGAGCACCGCGGGCGTGGAAAAAGCGCTGAGCCTGGGCGTGACTCGCTTAGTGGAACGCTGGATTAGCGTGAGCGGCGTTGCAGATGATCCAAATAACTATCTGTTTTGCCGCGTGCGCAAAAACGGCGTGGCGGTGCCGTCTGCGACCTCTCAGCTGAGCACCGATGTGCTGCGCGGCATTTTTGCGGCGGCGCATCGCCTGATTTATGGCGCGAAAGATGATAGCGGCCAGCGCTATTTAACTTGGTCTGGTCATTCTGCACGTGTTGGTGCGGCACGCGATATGGCGCGCGCGGGTGTGAGCATTGCGGAAATTATGCAGGCGGGCGGTTGGACCACCGTGGAAAGCGTGATGAACTATCTGCGCAACCTGGATAGCGAAACCGGCGCAATGGTGCGTCTGTTAGAAGATGGCGATTAA
Prediction_novelF-2,ATAAATGTATGCAAACGCTGCTGCATACATTTAT,MSNLQTLHQNLSALLVDATSDEARKNLMDVFRDRQAFSEHTWKVLLSVCRSWAAWCKLNNRKWFPAEPEDVRDYLLHLQVRGLAVNTIQQHLAQLNMLHRRSGLPRPGDSNAVSLVMRRIRKENVDAGERVKQALAFERTDFDQVRSLMENSDRCQDIRNLAFLGVAYNTLLRISEIARIRVKDISRTDGGRMLIHIGRTKTLVSTAGVEKALSLGVTRLVERWISVSGVADDPNNYLFCRVRKNGVAVPSATSQLSTDVLRGIFAAAHRLIYGAKDDSGQRYLTWSGHSARVGAARDMARAGVSIAEIMQAGGWTTVESVMNYLRNLDSETGAMVRLLEDGD*,ATGAGCAACCTGCAGACCCTGCATCAGAACCTGAGCGCGCTGCTGGTGGATGCGACCAGCGATGAAGCGCGCAAAAACCTGATGGATGTGTTTCGCGATCGCCAGGCGTTTAGCGAACATACCTGGAAAGTGCTGCTGAGCGTGTGCCGCAGCTGGGCAGCGTGGTGCAAACTGAACAACCGCAAATGGTTTCCGGCGGAACCGGAAGATGTGCGCGATTATCTGCTGCATCTGCAGGTGCGCGGCCTGGCGGTGAACACCATTCAGCAACATCTGGCACAGCTGAACATGCTGCATCGCCGCAGCGGCTTACCGCGTCCAGGTGATAGCAATGCAGTGTCTCTGGTGATGCGCCGCATTCGCAAAGAAAACGTGGATGCGGGCGAACGCGTGAAACAGGCGCTGGCGTTTGAACGCACCGATTTTGATCAGGTGCGCAGCCTGATGGAAAACAGCGATCGCTGCCAGGATATTCGCAACCTGGCGTTTCTGGGCGTGGCGTATAACACCCTGCTGCGCATTAGCGAAATTGCGCGCATTCGCGTGAAAGATATTAGCCGCACCGATGGCGGCCGCATGCTGATTCATATTGGCCGCACCAAAACCCTGGTGAGCACCGCGGGCGTGGAAAAAGCGCTGAGCCTGGGCGTGACTCGCTTAGTGGAACGCTGGATTAGCGTGAGCGGCGTTGCAGATGATCCAAATAACTATCTGTTTTGCCGCGTGCGCAAAAACGGCGTGGCGGTGCCGTCTGCGACCTCTCAGCTGAGCACCGATGTGCTGCGCGGCATTTTTGCGGCGGCGCATCGCCTGATTTATGGCGCGAAAGATGATAGCGGCCAGCGCTATTTAACTTGGTCTGGTCATTCTGCACGTGTTGGTGCGGCACGCGATATGGCGCGCGCGGGTGTGAGCATTGCGGAAATTATGCAGGCGGGCGGTTGGACCACCGTGGAAAGCGTGATGAACTATCTGCGCAACCTGGATAGCGAAACCGGCGCAATGGTGCGTCTGTTAGAAGATGGCGATTAA
Prediction_novelF-3,ATAAATTTATGCAAACGCTGCTGCATAAATTTAT,MSNLQTLHQNLSALLVDATSDEARKNLMDVFRDRQAFSEHTWKVLLSVCRSWAAWCKLNNRKWFPAEPEDVRDYLLHLQVRGLAVNTIQQHLAQLNMLHRRSGLPRPGDSNAVSLVMRRIRKENVDAGERVKQALAFERTDFDQVRSLMENSDRCQDIRNLAFLGVAYNTLLRISEIARIRVKDISRTDGGRMLIHIGRTKTLVSTAGVEKALSLGVTRLVERWISVSGVADDPNNYLFCRVRKNGVAVPSATSQLSTDALQGIFAAAHRLIYGAKDDSGQRYLTWSGHSARVGAARDMARAGVSIAEIMQAGGWTTVESVMNYLRNLDSETGAMVRLLEDGD*,ATGAGCAACCTGCAGACCCTGCATCAGAACCTGAGCGCGCTGCTGGTGGATGCGACCAGCGATGAAGCGCGCAAAAACCTGATGGATGTGTTTCGCGATCGCCAGGCGTTTAGCGAACATACCTGGAAAGTGCTGCTGAGCGTGTGCCGCAGCTGGGCAGCGTGGTGCAAACTGAACAACCGCAAATGGTTTCCGGCGGAACCGGAAGATGTGCGCGATTATCTGCTGCATCTGCAGGTGCGCGGCCTGGCGGTGAACACCATTCAGCAACATCTGGCACAGCTGAACATGCTGCATCGCCGCAGCGGCTTACCGCGTCCAGGTGATAGCAATGCAGTGTCTCTGGTGATGCGCCGCATTCGCAAAGAAAACGTGGATGCGGGCGAACGCGTGAAACAGGCGCTGGCGTTTGAACGCACCGATTTTGATCAGGTGCGCAGCCTGATGGAAAACAGCGATCGCTGCCAGGATATTCGCAACCTGGCGTTTCTGGGCGTGGCGTATAACACCCTGCTGCGCATTAGCGAAATTGCGCGCATTCGCGTGAAAGATATTAGCCGCACCGATGGCGGCCGCATGCTGATTCATATTGGCCGCACCAAAACCCTGGTGAGCACCGCGGGCGTGGAAAAAGCGCTGAGCCTGGGCGTGACTCGCTTAGTGGAACGCTGGATTAGCGTGAGCGGCGTTGCAGATGATCCAAATAACTATCTGTTTTGCCGCGTGCGCAAAAACGGCGTGGCGGTGCCGTCTGCGACCTCTCAGCTGAGCACCGATGCGCTGCAGGGCATTTTTGCGGCGGCGCATCGCCTGATTTATGGCGCGAAAGATGATAGCGGCCAGCGCTATTTAACTTGGTCTGGTCATTCTGCACGTGTTGGTGCGGCACGCGATATGGCGCGCGCGGGTGTGAGCATTGCGGAAATTATGCAGGCGGGCGGTTGGACCACCGTGGAAAGCGTGATGAACTATCTGCGCAACCTGGATAGCGAAACCGGCGCAATGGTGCGTCTGTTAGAAGATGGCGATTAA
Prediction_novelF-4,ATAAATCGGTATAAACGCTGCTATACCGATTTAT,MSNLLTLHQNLSALLVDATSDEARKNLMDMFRDRQAFSEHTWKMLLSVCRSWAAWCKLNNRKWFPAEPEDVRDYLLHLQARGLAVKTIQQHLGQLNMLHRRSGLPRPGDSNAVSLVMRRIRKENVDAGERAKQALAFERTDFDQVRSLMENSDRCQDIRNLAFLGVAYNTLLRISEIARIRVKDISRTDGGRMLIHIGRTKTLVSTAGVEKALSLGVTKLVERWISVSGVADDPNNYLFCRVRKNGVAAPSATSQLSTCALQGIFEAAHRLIYGAKDDSGQRYLAWSGHSARVGAARDMARAGVSIPEIMQAGGWTTVNSVMNYIRNLDSETGAMVRLLEDGD*,ATGAGCAACCTGCTGACCCTGCATCAGAACCTGAGCGCGCTGCTGGTGGATGCGACCAGCGATGAAGCGCGCAAAAACCTGATGGATATGTTTCGCGATCGCCAGGCGTTTAGCGAACATACCTGGAAAATGCTGCTGAGCGTGTGCCGCAGCTGGGCGGCGTGGTGCAAACTGAACAACCGCAAATGGTTTCCGGCGGAACCGGAAGATGTGCGCGATTATCTGCTGCATCTGCAGGCGCGCGGCTTAGCGGTGAAAACCATTCAGCAGCATCTGGGTCAGCTGAACATGCTGCATCGCCGCAGCGGCCTGCCACGTCCAGGTGATAGCAATGCAGTGTCTCTGGTGATGCGCCGCATTCGCAAAGAAAACGTGGATGCGGGCGAACGCGCGAAACAGGCGCTGGCATTTGAACGCACCGATTTTGATCAGGTGCGCAGCCTGATGGAAAACAGCGATCGCTGCCAGGATATTCGCAACCTGGCGTTTCTGGGCGTGGCGTATAACACCCTGCTGCGCATTAGCGAAATTGCGCGCATTCGCGTGAAAGATATTAGCCGCACCGATGGCGGCCGCATGCTGATTCATATTGGCCGCACCAAAACCCTGGTGAGCACCGCGGGCGTGGAAAAAGCGCTGAGCCTGGGCGTGACCAAACTGGTGGAACGCTGGATTAGCGTGAGCGGCGTTGCAGATGATCCAAATAACTATCTGTTTTGCCGCGTGCGCAAAAACGGCGTGGCGGCGCCATCTGCGACCTCTCAGCTGAGCACCTGCGCGTTACAGGGCATTTTTGAAGCGGCGCATCGCCTGATTTATGGCGCGAAAGATGATAGCGGCCAGCGCTATCTGGCATGGTCTGGTCATTCTGCACGTGTTGGTGCGGCACGCGATATGGCGCGCGCGGGTGTGAGCATTCCGGAAATTATGCAGGCGGGTGGTTGGACTACCGTGAACAGCGTGATGAACTATATTCGCAACCTGGATAGCGAAACCGGCGCGATGGTGCGCCTGCTGGAAGATGGCGATTAA
Prediction_novelF-5,ATTATGCTGTGGAAACGCTGCTCCACAGCATAAT,MSNLQTLHQNLSALLADATSDEARKNLMDVFRDRQAFSEATWKTLLSVCRSWAAWCKLNNRKWFPAEPEDVRDYLLHLQARGLAVNTIQRHLALLNMLHRRSGLPRPGDSNAVSLVMRRIRKENVDAGERVKQALAFERTDFDQVRSLMENSDRCQDIRNLAFLGVAYNTLLRISEIARIRVKDISRTDGGRMLIHISRTKTLVSTAGVEKALSLGVTRLVERWISVSGVADDPNNYLFCRVRRNGVAVPSATSQLSTDVLRGIFAAAHRLVYGAKDDSGQRYLTWSGHSARVGAARDMARAGVSIAEIMQAGGWTTVESVMSYLRNLDSETGAMVRLLEDGD*,ATGAGCAACCTGCAGACCCTGCATCAGAACCTGAGCGCGCTGCTGGCGGATGCGACCAGCGATGAAGCGCGCAAAAACCTGATGGATGTGTTTCGCGATCGCCAGGCGTTTAGCGAAGCGACCTGGAAAACCCTGCTGAGCGTGTGTCGTTCTTGGGCAGCGTGGTGCAAACTGAACAACCGCAAATGGTTTCCGGCGGAACCGGAAGATGTGCGCGATTATCTGCTGCATCTGCAGGCGCGCGGCCTGGCGGTGAACACCATTCAGCGCCATCTGGCATTACTGAACATGCTGCATCGCCGCAGCGGCTTACCACGTCCAGGTGATAGCAATGCAGTGTCTCTGGTGATGCGCCGCATTCGCAAAGAAAACGTGGATGCGGGCGAACGCGTGAAACAGGCGCTGGCGTTTGAACGCACCGATTTTGATCAGGTGCGCAGCCTGATGGAAAACAGCGATCGCTGCCAGGATATTCGCAACCTGGCGTTTCTGGGCGTGGCGTATAACACCCTGCTGCGCATTAGCGAAATTGCGCGCATTCGCGTGAAAGATATTAGCCGCACCGATGGCGGCCGCATGCTGATTCATATTAGCCGCACCAAAACCCTGGTGAGCACCGCGGGCGTGGAAAAAGCGCTGAGCCTGGGCGTGACCCGCTTAGTGGAACGCTGGATTAGCGTGAGCGGCGTTGCAGATGATCCAAATAACTATCTGTTTTGCCGCGTGCGCCGCAACGGTGTTGCGGTTCCATCTGCGACCTCTCAGCTGAGCACCGATGTGCTGCGCGGCATTTTTGCGGCGGCGCATCGCCTGGTGTATGGCGCAAAAGATGATAGCGGCCAGCGCTATTTAACTTGGTCTGGTCATAGCGCACGCGTGGGTGCAGCACGTGATATGGCGCGTGCAGGTGTGAGCATTGCGGAAATTATGCAGGCGGGCGGTTGGACCACCGTGGAAAGCGTGATGAGCTATCTGCGCAACCTGGATAGCGAAACCGGCGCAATGGTGCGTCTGTTAGAAGATGGCGATTAA
Prediction_novelG-1,CTAAGACGGTGCGAACGCTGCCGCACCGTCTTAG,MSDLQTLHQNLSALLVDATSDEARKNLMDMFRDSQAFSEHTWKMLLSVCRSWAAWCELNNREWFPAEPEDVRDYLLHLQARGLAVKTIQNHLGSLNMLHRRSGLPRPGDSNAVSLVMRRIRKENVDAGERAKQALAFERTDFDQVRSLMENSDRCQDIRNLAFLGVAYNTLLRISEIARIRVKDISRTDGGRMLIHIGRTKTLVSTAGVEKALSLGVTKLVERWISVSGVADDPNNYLFCRVRRGGVAKPSATSQLSTCALQGIFGAAHRLIYGAKDDSGQRYLAWSGHSARVGAARDMARAGVSIAEIMQAGGWTTVNSVMNYIRNLDSETGAMVRLLEDGD*,ATGAGCGATCTGCAGACCCTGCATCAGAACCTGAGCGCGCTGCTGGTGGATGCGACCAGCGATGAAGCGCGCAAAAACCTGATGGATATGTTTCGCGATAGCCAGGCGTTTAGCGAACATACCTGGAAAATGCTGCTGAGCGTGTGCCGCAGCTGGGCGGCGTGGTGCGAACTGAACAACCGCGAATGGTTTCCGGCGGAACCGGAAGATGTGCGCGATTATCTGCTGCATCTGCAGGCGCGTGGCTTAGCGGTGAAAACCATTCAGAACCATCTGGGTAGCCTGAACATGCTGCATCGCCGCAGCGGCCTGCCGCGTCCAGGTGATAGCAACGCAGTGTCTCTGGTGATGCGCCGCATTCGCAAAGAAAACGTGGATGCGGGCGAACGCGCGAAACAGGCGTTAGCGTTTGAACGTACCGATTTTGATCAGGTGCGCAGCCTGATGGAAAACAGCGATCGCTGCCAGGATATTCGCAACCTGGCGTTTCTGGGCGTGGCGTATAACACCCTGCTGCGCATTAGCGAAATTGCGCGCATTCGCGTGAAAGATATTAGCCGCACCGATGGCGGCCGCATGCTGATTCATATTGGCCGCACCAAAACCCTGGTGAGCACCGCGGGCGTGGAAAAAGCGCTGAGCCTGGGCGTGACCAAACTGGTGGAACGCTGGATTAGCGTGAGCGGCGTTGCAGATGATCCAAATAACTATCTGTTTTGCCGCGTGCGCCGCGGTGGTGTTGCGAAACCGTCTGCGACCTCTCAGCTGAGCACCTGCGCGTTACAGGGCATTTTTGGCGCGGCGCATCGCCTGATTTATGGCGCGAAAGATGATAGCGGCCAGCGCTATTTAGCATGGTCTGGTCATAGCGCACGCGTGGGCGCAGCACGTGATATGGCGCGTGCAGGTGTGAGCATTGCGGAAATTATGCAGGCGGGTGGTTGGACCACCGTGAACAGCGTGATGAACTATATTCGCAACCTGGATAGCGAAACCGGCGCGATGGTGCGCCTGTTAGAAGATGGCGATTAA
Prediction_novelG-2,CTAAGACCGTGCGAACGCTGCCGCACGGTCTTAG,MSDLQTLHQNLSALLVDATSDEARKNLMDMFRDSQAFSEHTWKMLLSVCRSWAAWCELNNREWFPAEPEDVRDYLLHLQARGLAVKTIQNHLGSLNMLHRRSGLPRPGDSNAVSLVMRRIRKENVDAGERAKQALAFERTDFDQVRSLMENSDRCQDIRNLAFLGVAYNTLLRISEIARIRVKDISRTDGGRMLIHIGRTKTLVSTAGVEKALSLGVTKLVERWISVSGVADDPNNYLFCRVRRGGVAKPSATSQLSTCALQGIFGAAHRLIYGAKDDSGQRYLAWSGHSARVGAARDMARAGVSIAEIMQAGGWTTVNSVMNYIRNLDSETGAMVRLLEDGD*,ATGAGCGATCTGCAGACCCTGCATCAGAACCTGAGCGCGCTGCTGGTGGATGCGACCAGCGATGAAGCGCGCAAAAACCTGATGGATATGTTTCGCGATAGCCAGGCGTTTAGCGAACATACCTGGAAAATGCTGCTGAGCGTGTGCCGCAGCTGGGCGGCGTGGTGCGAACTGAACAACCGCGAATGGTTTCCGGCGGAACCGGAAGATGTGCGCGATTATCTGCTGCATCTGCAGGCGCGTGGCTTAGCGGTGAAAACCATTCAGAACCATCTGGGTAGCCTGAACATGCTGCATCGCCGCAGCGGCCTGCCGCGTCCAGGTGATAGCAACGCAGTGTCTCTGGTGATGCGCCGCATTCGCAAAGAAAACGTGGATGCGGGCGAACGCGCGAAACAGGCGTTAGCGTTTGAACGTACCGATTTTGATCAGGTGCGCAGCCTGATGGAAAACAGCGATCGCTGCCAGGATATTCGCAACCTGGCGTTTCTGGGCGTGGCGTATAACACCCTGCTGCGCATTAGCGAAATTGCGCGCATTCGCGTGAAAGATATTAGCCGCACCGATGGCGGCCGCATGCTGATTCATATTGGCCGCACCAAAACCCTGGTGAGCACCGCGGGCGTGGAAAAAGCGCTGAGCCTGGGCGTGACCAAACTGGTGGAACGCTGGATTAGCGTGAGCGGCGTTGCAGATGATCCAAATAACTATCTGTTTTGCCGCGTGCGCCGCGGTGGTGTTGCGAAACCGTCTGCGACCTCTCAGCTGAGCACCTGCGCGTTACAGGGCATTTTTGGCGCGGCGCATCGCCTGATTTATGGCGCGAAAGATGATAGCGGCCAGCGCTATTTAGCATGGTCTGGTCATAGCGCACGCGTGGGCGCAGCACGTGATATGGCGCGTGCAGGTGTGAGCATTGCGGAAATTATGCAGGCGGGTGGTTGGACCACCGTGAACAGCGTGATGAACTATATTCGCAACCTGGATAGCGAAACCGGCGCGATGGTGCGCCTGTTAGAAGATGGCGATTAA
Prediction_novelG-3,CTAAGACGATGTGAACGCTGCCACATCGTCTTAG,MSDLQTLHQNLSALLVDATSDEARKNLMDMFRDSQAFSEHTWKVLLSVCRSWAAWCELNNREWFPAEPEDVRDYLLHLQARGLAVKTIQNHLGSLNMLHRRSGLPRPGDSNAVSLVMRRIRKENVDAGERAKQALAFERTDFDQVRSLMENSDRCQDIRNLAFLGVAYNTLLRISEIARIRVKDISRTDGGRMLIHIGRTKTLVSTAGVEKALSLGVTKLVERWISVSGVADDPNNYLFCRVRRGGVAKPSATSQLSTCALQKIFGAAHRLVYGAKDDSGQRYLAWSGHSARVGAARDMARAGVSIAEIMQAGGWTTVNSVMNYIRNLDSETGAMVRLLEDGD*,ATGAGCGATCTGCAGACCCTGCATCAGAACCTGAGCGCGCTGCTGGTGGATGCGACCAGCGATGAAGCGCGCAAAAACCTGATGGATATGTTTCGCGATAGCCAGGCGTTTAGCGAACATACCTGGAAAGTGCTGCTGAGCGTGTGCCGCAGCTGGGCGGCGTGGTGCGAACTGAACAACCGCGAATGGTTTCCGGCGGAACCGGAAGATGTGCGCGATTATCTGCTGCATCTGCAGGCACGTGGCTTAGCGGTGAAAACCATTCAGAACCATCTGGGCAGCCTGAACATGCTGCATCGCCGCAGCGGCCTGCCGCGTCCAGGTGATAGCAACGCAGTGTCTCTGGTGATGCGCCGCATTCGCAAAGAAAACGTGGATGCGGGCGAACGCGCAAAACAGGCGTTAGCGTTTGAACGTACCGATTTTGATCAGGTGCGCAGCCTGATGGAAAACAGCGATCGCTGCCAGGATATTCGCAACCTGGCGTTTCTGGGCGTGGCGTATAACACCCTGCTGCGCATTAGCGAAATTGCGCGCATTCGCGTGAAAGATATTAGCCGCACCGATGGCGGCCGCATGCTGATTCATATTGGCCGCACCAAAACCCTGGTGAGCACCGCGGGCGTGGAAAAAGCGCTGAGCCTGGGCGTGACCAAACTGGTGGAACGCTGGATTAGCGTGAGCGGCGTTGCAGATGATCCAAATAACTATCTGTTTTGCCGCGTGCGCCGCGGTGGTGTTGCGAAACCGTCTGCGACCTCTCAGCTGAGCACCTGCGCGTTACAGAAAATTTTTGGCGCGGCGCATCGCCTGGTGTATGGCGCGAAAGATGATAGCGGCCAGCGCTATTTAGCGTGGTCTGGTCATAGCGCACGCGTGGGCGCAGCACGTGATATGGCGCGTGCAGGTGTGAGCATTGCAGAAATTATGCAAGCAGGTGGTTGGACCACCGTGAACAGCGTGATGAACTATATTCGCAACCTGGATAGCGAAACCGGCGCGATGGTGCGCCTGCTGGAAGATGGCGATTAA
Prediction_novelG-4,CTAAGATCATGCGAACGCTGCCGCATGATCTTAG,MSDLQTLHQNLSALLVDATSDEARKNLMDMFRDSQAFSEHTWKMLLSVCRSWAAWCELNNREWFPAEPEDVRDYLLHLQARGLAVKTIQNHLGSLNMLHRRSGLPRPGDSNAVSLVMRRIRKENVDAGERAKQALAFERTDFDQVRSLMENSDRCQDIRNLAFLGVAYNTLLRISEIARIRVKDISRTDGGRMLIHIGRTKTLVSTAGVEKALSLGVTKLVERWISVSGVADDPNNYLFCRVRRGGVAKPSATSQLSTCALQGIFGAAHRLIYGAKDDSGQRYLAWSGHSARVGAARDMARAGVSIAEIMQAGGWTTVNSVMNYIRNLDSETGAMVRLLEDGD*,ATGAGCGATCTGCAGACCCTGCATCAGAACCTGAGCGCGCTGCTGGTGGATGCGACCAGCGATGAAGCGCGCAAAAACCTGATGGATATGTTTCGCGATAGCCAGGCGTTTAGCGAACATACCTGGAAAATGCTGCTGAGCGTGTGCCGCAGCTGGGCGGCGTGGTGCGAACTGAACAACCGCGAATGGTTTCCGGCGGAACCGGAAGATGTGCGCGATTATCTGCTGCATCTGCAGGCGCGTGGCTTAGCGGTGAAAACCATTCAGAACCATCTGGGTAGCCTGAACATGCTGCATCGCCGCAGCGGCCTGCCGCGTCCAGGTGATAGCAACGCAGTGTCTCTGGTGATGCGCCGCATTCGCAAAGAAAACGTGGATGCGGGCGAACGCGCGAAACAGGCGTTAGCGTTTGAACGTACCGATTTTGATCAGGTGCGCAGCCTGATGGAAAACAGCGATCGCTGCCAGGATATTCGCAACCTGGCGTTTCTGGGCGTGGCGTATAACACCCTGCTGCGCATTAGCGAAATTGCGCGCATTCGCGTGAAAGATATTAGCCGCACCGATGGCGGCCGCATGCTGATTCATATTGGCCGCACCAAAACCCTGGTGAGCACCGCGGGCGTGGAAAAAGCGCTGAGCCTGGGCGTGACCAAACTGGTGGAACGCTGGATTAGCGTGAGCGGCGTTGCAGATGATCCAAATAACTATCTGTTTTGCCGCGTGCGCCGCGGTGGTGTTGCGAAACCGTCTGCGACCTCTCAGCTGAGCACCTGCGCGTTACAGGGCATTTTTGGCGCGGCGCATCGCCTGATTTATGGCGCGAAAGATGATAGCGGCCAGCGCTATTTAGCATGGTCTGGTCATAGCGCACGCGTGGGCGCAGCACGTGATATGGCGCGTGCAGGTGTGAGCATTGCGGAAATTATGCAGGCGGGTGGTTGGACCACCGTGAACAGCGTGATGAACTATATTCGCAACCTGGATAGCGAAACCGGCGCGATGGTGCGCCTGTTAGAAGATGGCGATTAA
Prediction_novelG-5,CTAAGATGACGTGAACGCTGCCACGTCATCTTAG,MSDLQTLHQNLSALLVDATSDEARKNLMDMFRDSQAFSEHTWKVLLSVCRSWAAWCELNNREWFPAEPEDVRDYLLHLQARGLAVKTIQNHLGSLNMLHRQSGLPRPGDSNAVSLVMRRIRKENVDAGERAKQALAFERTDFDQVRSLMENSDRCQDIRNLAFLGVAYNTLLRIGEIARIRVKDISRTDGGRMLIHIGRTKTLVSTAGVEKALSLGVTKLVERWISVSGVADDPNNYLFCRVRRGGVAKPSATSQLSTYALQKIFAAAHRLVYGAKDDSGQRYLAWSGHSARVGAARDMARAGVSIAEIMQAGGWTTVNSVMNYIRNLDSETGAMVRLLEDGD*,ATGAGCGATCTGCAGACCCTGCATCAGAACCTGAGCGCGCTGCTGGTGGATGCGACCAGCGATGAAGCGCGCAAAAACCTGATGGATATGTTTCGCGATAGCCAGGCGTTTAGCGAACATACCTGGAAAGTGCTGCTGAGCGTGTGCCGCAGCTGGGCGGCGTGGTGCGAACTGAACAACCGCGAATGGTTTCCGGCGGAACCGGAAGATGTGCGCGATTATCTGCTGCATCTGCAGGCACGTGGCTTAGCGGTGAAAACCATTCAGAACCATCTGGGCAGCCTGAACATGCTGCATCGCCAGAGCGGCCTGCCGCGCCCAGGTGATAGCAACGCAGTGTCTCTGGTGATGCGCCGCATTCGCAAAGAAAACGTGGATGCGGGCGAACGCGCAAAACAGGCGTTAGCGTTTGAACGTACCGATTTTGATCAGGTGCGCAGCCTGATGGAAAACAGCGATCGCTGCCAGGATATTCGCAACCTGGCGTTTCTGGGCGTGGCGTATAACACCCTGCTGCGCATTGGCGAAATTGCGCGCATTCGCGTGAAAGATATTAGCCGCACCGATGGCGGCCGCATGCTGATTCATATTGGCCGCACCAAAACCCTGGTGAGCACCGCGGGCGTGGAAAAAGCGCTGAGCCTGGGCGTGACCAAACTGGTGGAACGCTGGATTAGCGTGAGCGGCGTTGCAGATGATCCAAATAACTATCTGTTTTGCCGCGTGCGCCGCGGTGGTGTTGCGAAACCGTCTGCGACCTCTCAGCTGAGCACCTATGCGCTGCAGAAAATTTTTGCGGCGGCGCATCGCCTGGTGTATGGCGCGAAAGATGATAGCGGCCAGCGCTATTTAGCGTGGTCTGGTCATAGCGCACGCGTGGGCGCAGCACGTGATATGGCGCGTGCAGGTGTGAGCATTGCAGAAATTATGCAAGCAGGTGGTTGGACCACCGTGAACAGCGTGATGAACTATATTCGCAACCTGGATAGCGAAACCGGCGCGATGGTGCGCCTGCTGGAAGATGGCGATTAA